dt,acc_x,acc_y,acc_z,gyro_x,gyro_y,gyro_z,fused_x,fused_y,fused_z,roll,pitch,yaw,pose_x,pose_y,pose_yaw
0.245192,0,0,0,0.458069,-0.012756,0.222931,0.0,0.0,0.0,4.069800933009863,-12.344679370272294,-0.3736068498921177,0.004,0.0,0.0113
0.011,-0.010498,-0.012451,1.304932,0.549622,0.41449,0.070343,0.0,0.0,0.0,3.2324513300002606,-10.138344369555062,-0.20441623442817283,0.004,0.0,0.0113
0.0121,-0.01001,-0.01123,1.314453,0.152893,0.139832,0.070343,0.0,0.0,0.0,2.6710840595915295,-8.62245333486381,-0.10932506291657028,0.004,0.0,0.0113
0.012,-0.013184,-0.015381,1.315674,0.335999,0.231384,0.070343,0.0,0.0,0.0,2.2335047093527747,-7.487030006408949,-0.044521977050531375,0.004,0.0,0.0113
0.0122,-0.012207,-0.015869,1.308594,0.397034,0.261902,-0.051727,0.0,0.0,0.0,1.898034376434298,-6.623641181173388,-0.0017501984242480509,0.004,0.0,0.0113
0.0118,-0.013184,-0.01709,1.314453,0.427551,0.261902,-0.02121,0.0,0.0,0.0,1.627531455449168,-5.935090634484024,0.029347622431873537,0.004,0.0,0.0113
0.012,-0.011475,-0.011719,1.307861,0.671692,0.109314,0.100861,0.0,0.0,0.0,1.4407656748116162,-5.387149656194412,0.05129069158463291,0.004,0.0,0.0113
0.0122,-0.012451,-0.01709,1.310547,0.519104,0.048279,-0.112762,0.0,0.0,0.0,1.2594079443005959,-4.929690010646529,0.06718534042705415,0.004,0.0,0.0113
0.0121,-0.011963,-0.010986,1.312256,0.671692,0.200867,0.314484,0.0,0.0,0.0,1.1367001118743167,-4.545255095177043,0.08328481741438724,0.004,0.0,0.0113
0.0116,-0.014404,-0.011475,1.308594,0.427551,0.231384,0.497589,0.0,0.0,0.0,1.0275794781297998,-4.206867104028076,0.0991123081976604,0.004,0.0,0.0113
0.0121,-0.012207,-0.018555,1.313477,0.335999,0.231384,-0.082245,0.0,0.0,0.0,0.90577967105787,-3.9229926018021417,0.10632485331716285,0.004,0.0,0.0113
0.0119,-0.01001,-0.016846,1.318115,0.366516,0.261902,0.100861,0.0,0.0,0.0,0.8064936637361876,-3.682893339756229,0.11397443045249486,0.004,0.0,0.0113
0.0121,-0.012695,-0.016846,1.312012,0.427551,0.292419,0.283966,0.0,0.0,0.0,0.7199379150058329,-3.461989388999018,0.12299406025753606,0.004,0.0,0.0113
0.0118,-0.014648,-0.01709,1.311035,0.458069,0.170349,0.039825,0.0,0.0,0.0,0.6431249266856046,-3.261025561788565,0.1282734672587471,0.004,0.0,0.0113
0.012,-0.013916,-0.014404,1.302002,0.458069,0.170349,-0.173798,0.0,0.0,0.0,0.583179095665234,-3.0836709471221244,0.13040965098530413,0.004,0.0,0.0113
0.0121,-0.009277,-0.018311,1.310547,0.427551,0.231384,0.131378,0.0,0.0,0.0,0.5178313378684204,-2.937080174272753,0.13460837249817095,0.004,0.0,0.0113
0.012,-0.010254,-0.013184,1.310791,0.397034,0.139832,0.131378,0.0,0.0,0.0,0.4730263872235365,-2.802846994382047,0.1392046445699992,0.004,0.0,0.0113
0.0123,-0.012695,-0.013428,1.316895,0.519104,0.048279,-0.02121,0.0,0.0,0.0,0.43367498818929273,-2.6754203188363848,0.14180279422451314,0.004,0.0,0.0113
0.0123,-0.010742,-0.014404,1.308594,0.397034,0.231384,0.192413,0.0,0.0,0.0,0.39387150107996755,-2.5620481717331467,0.14628210025399457,0.004,0.0,0.0113
0.0121,-0.01123,-0.01416,1.307617,0.397034,0.170349,0.375519,0.0,0.0,0.0,0.35804652047350877,-2.457689378500883,0.1527576563421761,0.004,0.0,0.0113
0.0119,-0.010742,-0.011475,1.300049,0.427551,0.139832,0.009308,0.0,0.0,0.0,0.3320001932223702,-2.3632303831520454,0.1549875008617335,0.004,0.0,0.0113
0.0121,-0.014893,-0.017578,1.313232,0.427551,0.139832,0.161896,0.0,0.0,0.0,0.29457008933103923,-2.2666124206700564,0.1581435685064701,0.004,0.0,0.0113
0.0111,-0.010498,-0.014404,1.308105,0.488586,0.109314,-0.082245,0.0,0.0,0.0,0.2672976022548517,-2.18716868850363,0.15837160513457643,0.004,0.0,0.0113
0.0127,-0.010986,-0.013184,1.311768,0.427551,0.200867,0.039825,0.0,0.0,0.0,0.24474520594449484,-2.1110338387805783,0.16019029764794787,0.004,0.0,0.0113
0.0113,-0.009766,-0.010986,1.311279,0.366516,0.231384,0.100861,0.0,0.0,0.0,0.22714075882696433,-2.0425234099135756,0.16281604888067278,0.004,0.0,0.0113
0.0125,-0.012939,-0.016357,1.310547,0.397034,0.170349,-0.14328,0.0,0.0,0.0,0.2011619979191226,-1.972742395716313,0.16157714051089128,0.004,0.0,0.0113
0.0124,-0.013184,-0.012939,1.314209,0.366516,0.109314,0.070343,0.0,0.0,0.0,0.1830901375737505,-1.9076686484722218,0.1636793371832039,0.004,0.0,0.0113
0.0121,-0.01123,-0.016357,1.313232,0.335999,0.017761,0.070343,0.0,0.0,0.0,0.15948781905991405,-1.8513374837472043,0.16467778695178212,0.004,0.0,0.0113
0.0119,-0.005615,-0.015137,1.31543,0.397034,-0.012756,0.100861,0.0,0.0,0.0,0.14027002475485428,-1.8087973699763322,0.16562308754568114,0.004,0.0,0.0113
0.0114,-0.010498,-0.015869,1.308594,0.488586,0.292419,0.192413,0.0,0.0,0.0,0.12174731715034506,-1.7569540860095851,0.16790797871534782,0.004,0.0,0.0113
0.0122,-0.012695,-0.017578,1.311035,0.549622,0.292419,0.100861,0.0,0.0,0.0,0.102693793134798,-1.7040004559977764,0.1690465361893098,0.004,0.0,0.0113
0.0121,-0.009033,-0.013916,1.310303,0.335999,0.261902,0.009308,0.0,0.0,0.0,0.08838722371280135,-1.6603206690808057,0.16942966498577522,0.004,0.0,0.0113
0.0114,-0.012451,-0.019287,1.316162,0.610657,0.048279,0.253448,0.0,0.0,0.0,0.0691328915476919,-1.6159501609727205,0.1717399426784033,0.004,0.0,0.0113
0.0124,-0.015625,-0.016602,1.311768,0.488586,0.139832,0.039825,0.0,0.0,0.0,0.0543969459907098,-1.5677395012871878,0.17257201215892012,0.004,0.0,0.0113
0.0124,-0.012695,-0.015381,1.309814,0.397034,0.231384,0.070343,0.0,0.0,0.0,0.04128044874899272,-1.5253282413012332,0.17367087144231813,0.004,0.0,0.0113
0.0122,-0.011719,-0.011963,1.3125,0.397034,0.200867,0.039825,0.0,0.0,0.0,0.034021809827783925,-1.4868093284182797,0.1749904097824431,0.004,0.0,0.0113
0.012,-0.012451,-0.013184,1.312256,0.427551,0.261902,0.253448,0.0,0.0,0.0,0.02564116143862791,-1.4483523624172618,0.17859847908095672,0.004,0.0,0.0113
0.0112,-0.010498,-0.012939,1.312256,0.610657,-0.195862,-0.14328,0.0,0.0,0.0,0.019899239984711912,-1.4196575483734168,0.17734394495481956,0.004,0.0,0.0113
0.0127,-0.014404,-0.01709,1.307861,0.610657,0.170349,-0.02121,0.0,0.0,0.0,0.009526975745293506,-1.3825794551731163,0.17686135776932332,0.004,0.0,0.0113
0.0113,-0.012939,-0.014648,1.308838,0.244446,0.383972,0.100861,0.0,0.0,0.0,-0.0017346872683247487,-1.3470324942700647,0.17815393081131478,0.004,0.0,0.0113
0.0122,-0.012939,-0.016846,1.307861,0.549622,0.139832,0.009308,0.0,0.0,0.0,-0.01156860764171149,-1.315525210667033,0.17789256464545455,0.004,0.0,0.0113
0.0121,-0.008545,-0.019043,1.30835,0.397034,0.170349,0.100861,0.0,0.0,0.0,-0.025658242043815473,-1.290821720709654,0.17778919762475984,0.004,0.0,0.0113
0.0123,-0.009766,-0.019043,1.312256,0.549622,0.322937,0.100861,0.0,0.0,0.0,-0.037103730775128185,-1.2636282990234495,0.17786467336295572,0.004,0.0,0.0113
0.0121,-0.008057,-0.015625,1.309326,0.335999,0.200867,0.253448,0.0,0.0,0.0,-0.046301643809180754,-1.241176762961731,0.18034250387967404,0.004,0.0,0.0113
0.0121,-0.011719,-0.015869,1.311279,0.397034,0.475525,-0.082245,0.0,0.0,0.0,-0.054531097499577595,-1.2117224920102505,0.17907922565648604,0.004,0.0,0.0113
0.0113,-0.009766,-0.012939,1.309814,0.335999,0.383972,0.406036,0.0,0.0,0.0,-0.059851345661385794,-1.1871275081122614,0.1838021822635822,0.0,0.0,0.0
0.012,-0.010742,-0.016357,1.314209,0.305481,0.017761,0.009308,0.0,0.0,0.0,-0.06904194163443829,-1.1662442403119464,0.1834189221747649,0.0,0.0,0.0
0.0122,-0.01416,-0.013672,1.311523,0.274963,0.322937,0.131378,0.0,0.0,0.0,-0.07498297935311309,-1.1384192943423237,0.1854212515861675,0.0,0.0,0.0
0.0121,-0.009521,-0.016846,1.306152,0.274963,0.261902,0.314484,0.0,0.0,0.0,-0.084516760783614,-1.1177810933966612,0.18844980088517782,0.0,0.0,0.0
0.0121,-0.010498,-0.013672,1.315918,0.335999,0.139832,0.314484,0.0,0.0,0.0,-0.08916961897822366,-1.0981085389553535,0.19226333500552845,0.0,0.0,0.0
0.0126,-0.010498,-0.012695,1.303467,0.274963,0.048279,0.009308,0.0,0.0,0.0,-0.09309843040722293,-1.0802116011919785,0.19255317212861522,0.0,0.0,0.0
0.0112,-0.014404,-0.018799,1.309082,0.488586,0.139832,0.070343,0.0,0.0,0.0,-0.10169232440984668,-1.0575916357869837,0.19263169504270525,0.0,0.0,0.0
0.0125,-0.011963,-0.014404,1.311279,0.427551,0.231384,0.314484,0.0,0.0,0.0,-0.10522062673622033,-1.0371016815074119,0.1965049118808704,0.0,0.0,0.0
0.011,-0.012695,-0.014404,1.307373,0.397034,0.170349,0.161896,0.0,0.0,0.0,-0.10949893441952004,-1.0174824452535414,0.1982747925569469,0.0,0.0,0.0
0.0122,-0.013428,-0.013672,1.309082,0.366516,0.109314,0.131378,0.0,0.0,0.0,-0.11267072654135586,-0.9982148657106771,0.20006757357289712,0.0,0.0,0.0
0.0123,-0.011475,-0.013672,1.313965,0.397034,0.322937,0.131378,0.0,0.0,0.0,-0.1152472632144583,-0.9790202562012709,0.20165515854290342,0.0,0.0,0.0
0.012,-0.01416,-0.013428,1.307373,0.427551,0.445007,-0.02121,0.0,0.0,0.0,-0.11719159370540304,-0.9562388448539684,0.2016342927054966,0.0,0.0,0.0
0.0116,-0.012695,-0.016357,1.313232,0.305481,0.200867,0.100861,0.0,0.0,0.0,-0.12357431891381805,-0.9385683120017023,0.20231344703148096,0.0,0.0,0.0
0.012,-0.013428,-0.01709,1.310303,0.305481,0.200867,0.222931,0.0,0.0,0.0,-0.13039633895117153,-0.9205833127468388,0.20441664872493834,0.0,0.0,0.0
0.0123,-0.01001,-0.016602,1.313965,0.183411,0.292419,0.070343,0.0,0.0,0.0,-0.13780746114635345,-0.9053830056910528,0.20449335561271423,0.0,0.0,0.0
0.0122,-0.010742,-0.01416,1.309326,0.671692,0.628113,-0.112762,0.0,0.0,0.0,-0.13670955668816032,-0.8858832533676403,0.2028315467323105,0.0,0.0,0.0
0.0122,0.001953,0.009277,1.304443,0.366516,2.031921,-0.173798,0.0,0.0,0.0,-0.11603333591386664,-0.8626335893890558,0.20363406294154238,0.0,0.0,0.0
0.0122,-0.016357,-0.019531,1.315186,0.702209,6.792664,0.833282,0.0,0.0,0.0,-0.12012586242910091,-0.7647368991409269,0.21257852613929243,0.0,0.0,0.0
0.0111,0.013916,-0.034912,1.342041,2.136536,6.121277,-0.204315,0.0,0.0,0.0,-0.12315747967585537,-0.71197048296826,0.2035580518675642,0.0,0.0,0.0
0.0121,0.028076,-0.026123,1.339844,0.915833,4.290222,-0.234833,0.0,0.0,0.0,-0.13013914803927926,-0.6889700874173814,0.19438398011674263,0.0,0.0,0.0
0.0124,-0.006104,-0.067383,1.306641,0.519104,3.161072,1.382599,0.0,0.0,0.0,-0.1810266157269257,-0.6471559184932943,0.20098635138157264,0.0,0.0,0.0
0.012,-0.017578,-0.012451,1.300049,1.343079,-3.003479,3.305206,0.0,0.0,0.0,-0.16988636081175681,-0.6691346345032103,0.24137420445648347,0.0,0.0,0.0
0.0123,0.018066,-0.031982,1.192383,0.458069,-5.322815,3.305206,0.0,0.0,0.0,-0.18977831327886532,-0.7559174154526163,0.2753449827829225,0.0,0.0,0.0
0.0118,0.022217,-0.006104,1.253418,0.366516,-3.156067,5.441437,0.0,0.0,0.0,-0.1846654532103369,-0.8155517477564241,0.3375612693014148,0.0,0.0,0.0
0.0118,-0.076904,-0.03833,1.528809,0.213928,0.261902,4.434357,0.0,0.0,0.0,-0.20590233863997717,-0.7509661597387718,0.39232408296552596,0.0,-0.0,-0.0016
0.0126,-0.062744,0.003906,1.327148,-0.701599,-2.423645,4.464874,0.0,0.0,0.0,-0.20430581008085424,-0.726260864599887,0.45672898285290314,0.0,-0.0,0.0
0.0112,-0.080078,0.006836,1.227295,0.366516,-0.073792,2.603302,0.0,0.0,0.0,-0.18631237225748118,-0.6535516511426349,0.4964151167030396,0.0,-0.0,0.0
0.0125,-0.046387,0.047119,1.397705,1.556702,-0.440002,0.558624,0.0,0.0,0.0,-0.12141990918850741,-0.6225596677657678,0.5164271496478637,0.0,-0.0,0.0
0.0123,-0.025391,-0.015381,1.312012,-0.579529,-1.050354,0.8638,0.0,0.0,0.0,-0.13595961788687191,-0.6163405798221956,0.5273775967993711,0.0,-0.0,0.0
0.012,-0.022461,-0.014648,1.265137,0.854797,0.994324,-0.356903,0.0,0.0,0.0,-0.13262392704258455,-0.5882462344968841,0.5231468516981765,0.0,-0.0,0.0
0.012,0.001953,-0.012451,1.32373,1.465149,-0.47052,-3.988495,0.0,0.0,0.0,-0.11940106495742246,-0.5992417639588864,0.4737683708012418,0.0,-0.0,0.0
0.0112,0.025146,-0.005859,1.358887,0.885315,1.726746,-4.751434,0.0,0.0,0.0,-0.10827420059000725,-0.6041311268105946,0.4183253333331124,0.0,-0.0,0.0
0.0123,-0.037598,-0.041504,1.2771,0.366516,-0.073792,-1.486053,0.0,0.0,0.0,-0.13388519039883237,-0.5762465662052987,0.3966492049437501,0.0,-0.0,0.0
0.0119,-0.0625,-0.030762,1.291992,0.519104,-0.043274,1.931915,0.0,0.0,0.0,-0.1480938693016586,-0.5275637133131588,0.4203732222582188,0.0,-0.0,0.0
0.0121,-0.004395,-0.017822,1.365723,-0.426941,1.024841,1.138458,0.0,0.0,0.0,-0.16159547879141406,-0.515874861355312,0.4322827105653812,0.0,-0.0,0.0
0.0116,0.033936,-0.006836,1.285645,0.519104,-0.195862,0.650177,0.0,0.0,0.0,-0.15520784261365805,-0.5516399842147781,0.4364764751344764,0.0,-0.0,0.0
0.0123,0.017822,-0.014404,1.329834,0.213928,-0.134827,2.450714,0.0,0.0,0.0,-0.15850586494674165,-0.5716023485515864,0.4635999657636555,0.0,-0.0,0.0
0.0124,-0.001709,-0.039551,1.372803,0.519104,1.726746,1.718292,0.0,0.0,0.0,-0.1771682945229886,-0.5524207985185218,0.4796431654799259,0.0,-0.0,0.0
0.012,-0.000488,0.00293,1.281738,0.94635,0.475525,-1.9133,0.0,0.0,0.0,-0.15689459458920463,-0.5508098379883238,0.4579612761537695,0.0,-0.0,0.0
0.0122,-0.023193,0.010742,1.304199,0.458069,-0.104309,-2.401581,0.0,0.0,0.0,-0.13635891667174152,-0.5375019420102424,0.43304695837389745,0.0,-0.0,0.0
0.0113,-0.047607,-0.040039,1.309814,0.397034,0.139832,-0.204315,0.0,0.0,0.0,-0.158096732002,-0.5021932082852019,0.42893773833118287,0.0,-0.0,0.0
0.012,-0.026123,-0.048828,1.294189,1.037903,-0.165344,0.497589,0.0,0.0,0.0,-0.17899154011892715,-0.48804613398580254,0.42986860032851415,0.0,-0.0,0.0
0.0122,0.015381,-0.016846,1.313721,0.091858,-0.073792,-0.14328,0.0,0.0,0.0,-0.18492940146336972,-0.5059030459317345,0.42484318955745654,0.0,-0.0,0.0
0.0121,0.00293,-0.009033,1.329102,-0.06073,0.200867,1.016388,0.0,0.0,0.0,-0.18653420816060046,-0.5101739378753826,0.4362469559570509,0.0,-0.0,0.0
0.0123,-0.027588,-0.023682,1.289551,0.000305,0.261902,1.901398,0.0,0.0,0.0,-0.19912332902436983,-0.4897846656483598,0.4590558558020368,0.0,-0.0,0.0
0.0114,-0.005371,0.009521,1.312012,0.519104,-0.806213,0.314484,0.0,0.0,0.0,-0.1795918329239309,-0.4994253342505994,0.4653105960981549,0.0,-0.0,0.0
0.0121,0.019043,0.012695,1.324951,0.488586,0.261902,-1.516571,0.0,0.0,0.0,-0.1579601332386214,-0.5153144727597445,0.4479623021899803,0.0,-0.0,0.0
0.0121,0.015625,-0.016113,1.305176,0.702209,-0.958801,-0.753632,0.0,0.0,0.0,-0.15612491166838857,-0.5432015412435308,0.4359216589255256,0.0,-0.0,0.0
0.0125,-0.00415,-0.029297,1.324951,0.549622,-0.134827,0.467072,0.0,0.0,0.0,-0.16577841026208076,-0.5455794357836251,0.43864949562360406,0.0,-0.0,0.0
0.0121,-0.00415,-0.03833,1.32373,0.488586,-0.195862,0.802765,0.0,0.0,0.0,-0.18296614972300843,-0.5485986999620148,0.4440888909969991,0.0,-0.0,0.0
0.0111,-0.003906,-0.023193,1.273438,0.335999,-0.34845,0.406036,0.0,0.0,0.0,-0.1911726593164278,-0.5535574968007323,0.4463298582179542,0.0,-0.0,0.0
0.012,-0.008545,0.001221,1.321289,0.244446,0.719666,0.375519,0.0,0.0,0.0,-0.18137857124184803,-0.5423389512957557,0.45233260870813935,0.0,-0.0,0.0
0.0122,-0.008057,0.006836,1.289062,-0.06073,-1.019836,0.406036,0.0,0.0,0.0,-0.17102628836229572,-0.552562699389815,0.45955371114456134,0.0,-0.0,0.0
0.0123,-0.015869,0.006836,1.291504,0.519104,0.048279,-0.295868,0.0,0.0,0.0,-0.1537558750927558,-0.543938816979898,0.4586829403236802,0.0,-0.0,0.0
0.0121,-0.012695,0.006348,1.333496,0.641174,-0.378967,-0.997772,0.0,0.0,0.0,-0.135959592936954,-0.5429233627780167,0.4489575187144917,0.0,-0.0,0.0
0.0121,-0.017822,-0.020508,1.285156,0.305481,-0.226379,-1.180878,0.0,0.0,0.0,-0.14220034466589893,-0.5363705514364945,0.4338193891086247,0.0,-0.0,0.0
0.0117,-0.018555,-0.030762,1.321045,0.183411,0.506042,-0.967255,0.0,0.0,0.0,-0.15696201260835957,-0.5209355284602614,0.42042703445795737,0.0,-0.0,0.0
0.0119,-0.014404,-0.025146,1.306396,0.702209,-0.867249,-0.723114,0.0,0.0,0.0,-0.16147640165225738,-0.5247633866080581,0.41021868372172643,0.0,-0.0,0.0
0.0123,-0.035889,-0.025635,1.293457,0.335999,-0.104309,-0.26535,0.0,0.0,0.0,-0.17057387488032164,-0.5038917044723918,0.4069232193441455,0.0,-0.0,0.0
0.0122,-0.01123,-0.02002,1.319092,0.854797,0.017761,-0.234833,0.0,0.0,0.0,-0.16901129498673506,-0.49984172410830485,0.40286129777373797,0.0,-0.0,0.0
0.0114,-0.021484,-0.003662,1.31665,0.976868,0.078796,-1.058807,0.0,0.0,0.0,-0.1549955027796048,-0.4878909322006459,0.39247623117515984,0.0,-0.0,0.0
0.0121,-0.035156,-0.020996,1.330078,0.82428,0.902771,-1.058807,0.0,0.0,0.0,-0.1544826145687315,-0.4566874408819046,0.38005451507328014,0.0,-0.0,0.0
0.0121,-0.031738,-0.026123,1.353516,-0.94574,-1.691223,0.650177,0.0,0.0,0.0,-0.17858520365634992,-0.4594993484278631,0.38755374414505966,0.0,-0.0,0.0
0.0121,-0.071777,-0.016357,1.18042,-1.83075,-8.832336,2.176056,0.0,0.0,0.0,-0.20749651068567668,-0.5145407324808253,0.4186450333208761,0.0,-0.0,0.0
0.0121,-0.141113,0.077881,1.396973,0.580139,1.757263,-0.173798,0.0,0.0,0.0,-0.1437165588691722,-0.4043842726678272,0.4371227192440636,0.0,-0.0,0.0
0.0121,-0.105713,0.05835,1.201904,0.915833,-0.867249,-1.882782,0.0,0.0,0.0,-0.08274841170214393,-0.340637044144553,0.4320109779602308,0.0,-0.0,0.0
0.0122,-0.085205,-0.043945,1.317871,0.000305,4.961609,-3.378143,0.0,0.0,0.0,-0.10865003426314229,-0.22790350149535663,0.38927510315518904,0.0,-0.0,0.0
0.0112,0.006348,-0.072754,1.448242,0.488586,0.872253,-1.730194,0.0,0.0,0.0,-0.14466058641855475,-0.22889048857053718,0.3591404115743142,0.0,-0.0,0.0
0.0121,0.023682,-0.125488,1.186279,1.495667,-2.393127,1.596222,0.0,0.0,0.0,-0.21691045666036823,-0.2840920797934493,0.35518913370389454,0.0,-0.0,-0.0016
0.0119,0.072754,-0.042725,1.316895,0.702209,2.42865,1.87088,0.0,0.0,0.0,-0.23225923064835083,-0.3121060091009708,0.36553468668244,-0.0,0.0,0.0
0.0121,0.080811,-0.038818,1.408691,-0.762634,-1.111389,3.88504,0.0,0.0,0.0,-0.260672236451186,-0.38253334495692376,0.4018754577101728,-0.0,0.0,0.0
0.012,0.096436,0.019287,1.232178,1.129456,6.060242,2.053986,0.0,0.0,0.0,-0.22701445781902557,-0.3867463260619991,0.4207794578640301,-0.0,0.0,0.0
0.0123,0.208984,0.033691,1.39917,-0.030212,-3.827454,1.62674,0.0,0.0,0.0,-0.2009362078745805,-0.5691930843686113,0.4298486821026004,-0.0,0.0,0.0
0.0122,0.010742,-0.085693,1.388672,-0.06073,12.163757,1.413116,0.0,0.0,0.0,-0.2513501554449747,-0.43214949122555796,0.43807907609487096,-0.0,0.0,0.0
0.0122,0.08667,-0.070557,1.438232,-0.152283,1.513123,1.87088,0.0,0.0,0.0,-0.29097333393613534,-0.4713274240366333,0.44861334230610933,-0.0,0.0,0.0
0.011,0.135254,-0.058838,1.070068,0.183411,-2.972961,-0.784149,0.0,0.0,0.0,-0.32969537849837327,-0.6206188316637162,0.42028927721754483,-0.0,0.0,0.0
0.0121,0.093018,0.005371,1.494141,0.366516,4.839539,-0.662079,0.0,0.0,0.0,-0.31543264741142996,-0.6190939266588663,0.4053218657647503,-0.0,0.0,0.0
0.0122,-0.199951,-0.171387,1.233887,0.763245,-3.705383,2.267609,0.0,0.0,0.0,-0.41791513478248976,-0.5281885597637735,0.44114266019927273,0.0,-0.0,-0.0016
0.0125,-0.072266,0.070068,1.023438,1.70929,1.391052,-2.676239,1.2499179129968993e-05,9.983294001805498e-08,1.033209523292395e-07,-0.32761497032615966,-0.45583287345890355,0.42401903218732306,0.001,-0.0,0.0
0.012,-0.175537,0.00293,1.495605,-0.152283,-1.752258,-2.554169,5.449739213836323e-05,4.2465790669594675e-07,3.4428767767694467e-07,-0.3206772361928058,-0.37784009263895846,0.40811066531495843,0.001,-0.0,-0.0016
0.0123,0.005615,0.006836,1.272949,0.793762,-0.501038,-5.483856,0.00016519197124539498,1.2144111776989794e-06,1.1014110095990011e-06,-0.2988559274775143,-0.3939074114497625,0.34114906484341895,0.001,-0.0,-0.0032
0.0112,-0.039062,0.056396,1.236084,-0.030212,-0.958801,-7.986298,0.00025478871231761476,1.79069614615518e-06,1.622176233223938e-06,-0.2520120146371771,-0.38323987131722215,0.26136409863586507,0.002,-0.0,-0.0049
0.0123,-0.022461,0.071777,1.392334,0.183411,-1.141907,-6.918182,0.0004331330609700832,2.6695940687004267e-06,2.745768975867727e-06,-0.19856471608565418,-0.38819301385598326,0.184960960365487,0.002,-0.0,-0.0065
0.0122,-0.050049,-0.013184,1.285156,-0.671082,-0.989319,-5.727997,0.000640529310953164,3.3680212361590094e-06,3.839809240341004e-06,-0.2095162352141804,-0.37202190456507644,0.11769950925392969,0.002,-0.0,-0.0097
0.012,-0.03833,-0.014893,1.37207,-0.243835,-0.836731,-4.476776,0.0008025273255249377,3.7215060706014333e-06,4.628655630774352e-06,-0.21598771566465055,-0.36295626711740736,0.06548697111581331,0.002,-0.0,-0.0097
0.0114,-0.042236,-0.044922,1.279053,0.000305,1.360535,-3.652802,0.0009507268018736972,3.867359197134815e-06,5.20477963629986e-06,-0.24024821283049458,-0.3251003785555532,0.022353224394091247,0.002,-0.0,-0.0097
0.0124,-0.031982,-0.07373,1.333496,0.213928,-0.867249,-2.706757,0.0010871266698408825,3.825802482816491e-06,5.70388655503727e-06,-0.2790589066468238,-0.321075514837976,-0.016174764221274725,0.002,-0.0,-0.0113
0.012,-0.021729,-0.078613,1.307617,0.305481,-0.226379,-0.478973,0.0012011262688439873,3.661014139334814e-06,6.175005619988396e-06,-0.32054401147731004,-0.3155946163605224,-0.02824749285580069,0.002,-0.0,-0.0113
0.0125,-0.007812,-0.087646,1.2771,0.915833,0.445007,1.99295,0.0012948750722632156,3.421174377726575e-06,6.7140789027535634e-06,-0.36112054941435334,-0.3110768069658516,-0.01194165382155669,0.002,-0.0,-0.0113
0.0117,-0.006592,-0.074951,1.340088,0.82428,0.933289,3.610382,0.0013592241749523328,3.2469100340817865e-06,7.103153271732295e-06,-0.39232712711643547,-0.3017346698721113,0.023441190519891544,0.002,-0.0,-0.0113
0.0121,-0.016357,-0.045898,1.313721,1.007385,0.506042,3.549347,0.0014136742003237844,3.1976525121547144e-06,7.28848488651289e-06,-0.4026617220894899,-0.29095771826181305,0.06343141040891838,0.002,-0.0,-0.0113
0.0122,-0.029541,0.002686,1.305176,1.06842,0.963806,2.938995,0.0014563753857610596,3.3316112269606834e-06,7.202429337342947e-06,-0.3804423200109349,-0.2661379091240688,0.10259934140345248,0.002,-0.0,-0.0113
0.0114,-0.026611,0.029297,1.304443,0.488586,0.902771,2.450714,0.001484876353822167,3.532728060060373e-06,7.0807350256857555e-06,-0.34854389773114175,-0.24505489222043336,0.13626584490049934,0.002,-0.0,-0.0113
0.0121,-0.014648,0.027832,1.303955,0.06134,-0.47052,2.359161,0.001515126188962748,3.721778678491356e-06,7.14297798101206e-06,-0.32279160913503036,-0.24782451034750297,0.16928913622740177,0.002,-0.0,-0.0113
0.0122,0.006348,0.023193,1.30835,0.274963,-0.440002,1.230011,0.0015273242826190376,3.812118576662045e-06,7.456838836311204e-06,-0.29783671447038434,-0.26391692536760786,0.18638575543986555,0.002,-0.0,-0.0113
0.0121,-0.005615,0.006348,1.310547,-0.030212,0.53656,0.74173,0.0015454734729800706,3.905236572052986e-06,7.613378903771577e-06,-0.28771078974267816,-0.26039386546782534,0.1965986268049829,0.002,-0.0,-0.0113
0.0121,0.013428,-0.022949,1.308105,-0.06073,0.41449,-0.051727,0.0015575711287875444,3.860282008165251e-06,8.040692497237495e-06,-0.2969052658840258,-0.27071292513870393,0.19277763783709762,0.002,-0.0,-0.0113
0.0138,0.015137,-0.023193,1.336426,0.488586,0.567078,-0.967255,0.0015644687952149044,3.796060607557652e-06,8.457656443578713e-06,-0.2984570591739198,-0.2789060175294917,0.1762003333758198,0.002,-0.0,-0.0113
0.01,0.027344,-0.019043,1.314941,0.763245,1.116394,-1.760712,0.0015694653515715726,3.707033630903812e-06,9.05622308635781e-06,-0.2966043084808056,-0.29174264385280096,0.15474772570433684,0.002,-0.0,-0.0113
0.0122,0.017334,-0.016357,1.303223,0.488586,0.567078,-2.828827,0.001575562807989553,3.6478883090780656e-06,9.50486872950456e-06,-0.2946744866925842,-0.30248604858709627,0.11746851607145155,0.002,-0.0,-0.0113
0.0122,-0.029541,-0.013184,1.312988,0.915833,-0.165344,-4.263153,0.0015755646170136776,3.683879304579441e-06,9.201876459653855e-06,-0.2853807635690993,-0.29195588628794406,0.06676314905527335,0.002,-0.0,-0.0113
0.012,-0.019775,0.006348,1.328857,0.854797,-0.34845,-4.293671,0.001575565436247006,3.74261390943741e-06,9.051264016497775e-06,-0.26478874983350037,-0.2899414189132727,0.017389122132543202,0.002,-0.0,-0.0113
0.0115,-0.00708,0.012695,1.286621,-0.06073,0.139832,-2.92038,0.001598564785489301,3.796571007596098e-06,9.210462528410002e-06,-0.25106504544438485,-0.29026792464103945,-0.01451683121932998,0.002,-0.0,-0.0113
0.0121,-0.031982,0.002686,1.288574,0.000305,-0.409485,-1.882782,0.0016227664395575322,3.866034215548273e-06,8.991135040301807e-06,-0.24332198419529455,-0.28094053824775933,-0.034619817931867074,0.002,-0.0,-0.0113
0.0115,-0.056885,-0.024902,1.337891,0.183411,-0.195862,-0.478973,0.0016457703637785053,3.909705433357859e-06,8.402298739247927e-06,-0.25092207305205383,-0.2540059589928316,-0.03813890663209075,0.002,-0.0,-0.0113
0.0121,-0.036377,-0.042236,1.306152,-0.152283,0.292419,0.589142,0.0016639226642875323,3.867740612601052e-06,8.08612015223678e-06,-0.27368308585374973,-0.23401559564188124,-0.03207728048694866,0.002,-0.0,-0.0113
0.0122,-0.037354,-0.050049,1.301025,0.06134,0.475525,1.413116,0.0016822250796921473,3.8089890005438004e-06,7.753373667402638e-06,-0.2986773156574423,-0.21131874103728127,-0.016550163743561226,0.002,-0.0,-0.0113
0.0122,-0.026123,-0.048828,1.315674,0.915833,0.200867,2.481232,0.00170052646267987,3.7333792978698646e-06,7.592821394350313e-06,-0.31202440069545667,-0.19934320666535343,0.011309533312644558,0.002,-0.0,-0.0113
0.0122,-0.019043,-0.041504,1.322266,0.885315,0.841736,2.145538,0.0017188271613585134,3.6698961860977304e-06,7.541886160683156e-06,-0.32085207632969587,-0.18424345924838068,0.035168712753007196,0.002,-0.0,-0.0113
0.0121,-0.013428,-0.030518,1.302246,0.763245,0.078796,1.87088,0.0017369773198423716,3.6292080399041593e-06,7.572846686765003e-06,-0.32450837405556326,-0.1820523826490168,0.05607764499797751,0.002,-0.0,-0.0113
0.0112,-0.011719,-0.019531,1.302246,1.007385,0.383972,1.962433,0.0017481773001831306,3.6144295763645628e-06,7.608964423613292e-06,-0.3191401999085204,-0.17765442027655637,0.07718342490913163,0.002,-0.0,-0.0113
0.0124,0.006348,0.005371,1.317871,0.915833,0.383972,2.176056,0.001760575601763006,3.6276557657428318e-06,7.922363000507174e-06,-0.29818412412362727,-0.18404570487160266,0.10405246597714524,0.002,-0.0,-0.0113
0.0116,-0.000244,0.011719,1.292725,0.397034,0.292419,1.87088,0.0017721744260458092,3.6783151015204226e-06,8.136092027046998e-06,-0.2799964525778094,-0.18780501061295202,0.12671522460120999,0.002,-0.0,-0.0113
0.0126,-0.032959,0.019043,1.315918,0.122375,-0.073792,0.98587,0.0017847760156171008,3.8330557928060394e-06,7.852923597427917e-06,-0.26061702891034716,-0.17531607570356517,0.14321289332161358,0.002,-0.0,-0.0113
0.0116,-0.012939,0.017822,1.310303,0.183411,-0.59259,-0.173798,0.001796375908938889,3.937807484075726e-06,7.86827114863575e-06,-0.24157981597335326,-0.18137873423137948,0.14365571075846573,0.002,-0.0,-0.0113
0.0126,0.018799,0.015137,1.291992,0.06134,-0.287415,-0.753632,0.0018089730917045762,3.965698912692974e-06,8.373405276615675e-06,-0.2256130300286026,-0.2042651864020716,0.13408470267338882,0.002,-0.0,-0.0113
0.0116,0.000244,-0.014648,1.307617,0.244446,-0.317932,-0.631561,0.0018205720510165177,3.952751813743214e-06,8.587414857415577e-06,-0.22648653233872748,-0.21511820228369674,0.12551688598885177,0.002,-0.0,-0.0113
0.012,-0.005371,-0.036133,1.32666,0.549622,0.048279,-0.662079,0.001832571591563645,3.898505210634067e-06,8.71670630960623e-06,-0.2366927356311762,-0.21805363410061634,0.11505242369261223,0.002,-0.0,-0.0113
0.0121,-0.003906,-0.037842,1.319336,0.580139,0.475525,-0.387421,0.0018386210724080211,3.823104282488866e-06,8.8464352184545e-06,-0.24751777411547704,-0.2167594689553489,0.1076144805699971,0.002,-0.0,-0.0113
0.0123,-0.010498,-0.033691,1.307129,0.732727,0.689148,-0.570526,0.0018447710671831799,3.7723404149802955e-06,8.880308860919894e-06,-0.2538401091997963,-0.20875854129419982,0.09862221649363169,0.002,-0.0,-0.0113
0.0113,-0.015381,-0.026611,1.31543,0.641174,0.963806,-0.082245,0.0018504214199156661,3.7491895632829827e-06,8.842113285556442e-06,-0.25735406328484917,-0.19540074235295646,0.09661974401177115,0.002,-0.0,-0.0113
0.012,-0.010254,-0.017334,1.317139,0.671692,0.811218,-0.112762,0.0018564213061163916,3.7365467005364634e-06,8.881790938453237e-06,-0.25430215597845135,-0.1864857580847037,0.09451926561417781,0.002,-0.0,-0.0113
0.0123,-0.013672,0.000244,1.309326,0.458069,0.597595,-0.295868,0.0018564214225956948,3.763645229540412e-06,8.85325203294231e-06,-0.242865569996573,-0.17793048353246724,0.09168648674309002,0.002,-0.0,-0.0113
0.012,-0.014893,0.000977,1.308105,0.366516,0.231384,-0.295868,0.0018564216256696593,3.7944364874531893e-06,8.80857622842847e-06,-0.23232843373905238,-0.17323906351759857,0.08907661952728911,0.002,-0.0,-0.0113
0.0116,-0.005371,0.012207,1.297363,0.335999,-0.012756,-0.936737,0.0018506210664034062,3.820215870162957e-06,8.882785627378434e-06,-0.2153984205275176,-0.17743860069246362,0.07930113980992223,0.002,-0.0,-0.0113
0.012,-0.02124,-0.005371,1.304932,0.244446,-0.165344,-0.906219,0.0018446218199429634,3.8398032293647966e-06,8.73159636866506e-06,-0.21050785644662634,-0.1735763025003818,0.0692950059612024,0.002,-0.0,-0.0113
0.0121,-0.014404,-0.019775,1.332031,0.335999,0.078796,-0.631561,0.001844622061463434,3.81978260385804e-06,8.696094044321926e-06,-0.2132568671129473,-0.17106406968413324,0.06102206363490904,0.002,-0.0,-0.0113
0.0121,0.008301,-0.014648,1.29126,0.244446,0.048279,-0.570526,0.0018446205549803563,3.761389664120316e-06,8.9739130446471e-06,-0.21418443531364248,-0.1830911788572056,0.0523146977167057,0.002,-0.0,-0.0113
0.0121,-0.017334,-0.025391,1.31543,0.702209,0.292419,-0.417938,0.0018446210371163537,3.7363315616123732e-06,8.898454464558061e-06,-0.21604284299007442,-0.17612949551906443,0.0464577166579892,0.002,-0.0,-0.0113
0.0121,-0.031982,-0.033936,1.328613,0.427551,0.048279,-0.051727,0.0018446225927514132,3.7248869314806487e-06,8.633639341011507e-06,-0.22618733662443535,-0.16332503275060634,0.04545163418415508,0.002,-0.0,-0.0113
0.0121,-0.023193,-0.030273,1.306641,0.641174,0.231384,0.253448,0.0018446234844409716,3.7014430804370205e-06,8.487042514154676e-06,-0.23172316978134228,-0.15368247166764445,0.04776195414488474,0.002,-0.0,-0.0113
0.0121,-0.022217,-0.024902,1.3125,0.641174,0.292419,0.924835,0.0018446242589913483,3.687947640466986e-06,8.35759313183854e-06,-0.23386517161157827,-0.14400269815705347,0.05850363624279507,0.002,-0.0,-0.0113
0.0116,-0.02832,-0.028076,1.317383,0.519104,0.139832,1.443634,0.0018446254517534965,3.681289328004764e-06,8.153907501868513e-06,-0.23957060243229678,-0.1326235250669069,0.0750132489035947,0.002,-0.0,-0.0113
0.0122,-0.016602,-0.013672,1.308105,0.488586,0.445007,1.657257,0.001844625746863724,3.6795888823867336e-06,8.103529505687134e-06,-0.23658919585886398,-0.12468854414224528,0.09515015759106907,0.002,-0.0,-0.0113
0.0133,-0.019775,-0.007324,1.306152,0.549622,0.322937,1.62674,0.0018446262246543184,3.6989893812329434e-06,8.0151562681524e-06,-0.22842755124862055,-0.11600341278865506,0.11736599520245355,0.002,-0.0,-0.0113
0.0107,-0.012939,-0.003906,1.311035,0.458069,0.231384,1.230011,0.001844626210509991,3.7098370172529875e-06,8.014261929517684e-06,-0.2206411878629187,-0.11343332957162583,0.13085747185332378,0.002,-0.0,-0.0113
0.0124,0.009521,-0.000488,1.293701,0.305481,0.231384,0.650177,0.0018446246489740785,3.677245375353391e-06,8.29361167061195e-06,-0.21193981589620126,-0.12439222148131866,0.13791960019633454,0.002,-0.0,-0.0113
0.0122,-0.006836,-0.01001,1.300537,0.580139,-0.34845,0.283966,0.0018446242671980835,3.660964464863233e-06,8.364464622751929e-06,-0.20590523103946615,-0.1321806894065892,0.14089736676275724,0.002,-0.0,-0.0113
0.0111,-0.007324,-0.010498,1.333008,0.397034,-0.043274,-0.387421,0.001844623940405335,3.6456232306620165e-06,8.42554494131538e-06,-0.20276912678078113,-0.13576284620529824,0.13612511767549787,0.002,-0.0,-0.0113
0.0124,0.010254,-0.008545,1.282227,0.427551,0.017761,-0.509491,0.0018446224263189207,3.594974218105021e-06,8.702264907682862e-06,-0.19771794798335787,-0.14970237075682366,0.12825089179725124,0.002,-0.0,-0.0113
0.0124,-0.006104,-0.014893,1.306641,0.458069,0.322937,-0.417938,0.0018446220488177515,3.5685010764624807e-06,8.775510125747526e-06,-0.19615099588224916,-0.14949628073607543,0.12223507494054733,0.002,-0.0,-0.0113
0.0112,-0.024902,-0.025146,1.318359,0.580139,0.261902,-0.417938,0.0018446229043535668,3.5625804710864804e-06,8.629754225666417e-06,-0.19988095047559726,-0.13898213406713,0.11734504825487879,0.002,-0.0,-0.0113
0.0122,-0.01123,-0.018066,1.308594,0.244446,0.41449,-0.26535,0.0018446228567053835,3.5407549766918694e-06,8.644674393566464e-06,-0.20286327614171348,-0.1347202440036166,0.11340930857167099,0.002,-0.0,-0.0113
0.0124,-0.008301,-0.006348,1.305176,0.213928,-0.043274,0.009308,0.0018446225885540809,3.5353782321827854e-06,8.692578248531022e-06,-0.19905385404115145,-0.13780561146901668,0.11336354653711037,0.002,-0.0,-0.0113
0.0115,-0.01416,-0.015137,1.311523,0.549622,0.689148,-0.356903,0.0018446227084362064,3.5256157968139854e-06,8.67489674983115e-06,-0.19694308713114725,-0.1289440073044803,0.10892465214212531,0.002,-0.0,-0.0113
0.0121,-0.01123,-0.016846,1.313965,0.427551,0.445007,0.009308,0.0018446226480779678,3.5063812551008845e-06,8.691211386651305e-06,-0.19701665398416243,-0.12444301498693894,0.108418635098783,0.002,-0.0,-0.0113
0.0125,-0.013184,-0.019043,1.307617,0.397034,0.200867,-0.234833,0.0018446227104848213,3.4872625416281025e-06,8.686314561755044e-06,-0.1986545465750137,-0.12167238914474193,0.1048753637646965,0.002,-0.0,-0.0113
0.0114,-0.016846,-0.022461,1.319092,0.580139,0.200867,-0.326385,0.001844622996866191,3.4700771239223792e-06,8.642191011989166e-06,-0.20059667062204573,-0.11695188609574687,0.10060288701224873,0.002,-0.0,-0.0113
